<?xml version="1.0"?>
<block>
  <name>Threetone Maker</name>
  <key>Blackwood_3tone_Makethreetones</key>
  <category>[Blackwood_3tone]</category>
  <import>import Blackwood_3tone</import>
  <make>Blackwood_3tone.Makethreetones($sigFreqin1,$sigFreqin2, $sigFreqin3,
                              $sigAmp1, $sigAmp2, $sigAmp3)</make>
   <!-- Make one 'param' node for every Parameter you want settable from the GUI.
       Sub-nodes:
       * name
       * key (makes the value accessible as $keyname, e.g. in the make node)
       * type -->
  <param>
    <name>Signal1 Frequency (Hz)</name>
    <key>sigFreqin1</key>
    <type>float</type>
  </param>
  <param>
    <name>Signal2 Frequency (Hz)</name>
    <key>sigFreqin2</key>
    <type>float</type>
  </param>
  <param>
    <name>Signal3 Frequency (Hz)</name>
    <key>sigFreqin3</key>
    <type>float</type>
  </param>

  <param>
    <name>Signal1 Amplitude (dB)</name>
    <key>sigAmp1</key>
    <type>float</type>
  </param>

  <param>
    <name>Signal2 Amplitude (dB)</name>
    <key>sigAmp2</key>
    <type>float</type>
  </param>


  <param>
    <name>Signal3 Amplitude (dB)</name>
    <key>sigAmp3</key>
    <type>float</type>
  </param>
  
  

  <!-- Make one 'sink' node per input. Sub-nodes:
       * name (an identifier for the GUI)
       * type
       * vlen
       * optional (set to 1 for optional inputs) -->

  <!-- Make one 'source' node per output. Sub-nodes:
       * name (an identifier for the GUI)
       * type
       * vlen
       * optional (set to 1 for optional inputs) -->
  <source>
    <name>out</name>
    <type>float</type>
  </source>
</block>
