<?xml version="1.0"?>
<block>
  <name>Envelope</name>
  <key>Blackwood_moduletwo_Envelope</key>
  <category>[Blackwood_moduletwo]</category>
  <import>import Blackwood_moduletwo</import>
  <make>Blackwood_moduletwo.Envelope($Tau, $EnvSampRate
                    )</make>
  <!-- Make one 'param' node for every Parameter you want settable from the GUI.
       Sub-nodes:
       * name
       * key (makes the value accessible as $keyname, e.g. in the make node)
       * type -->
  <param>
    <name>RC Time Constant</name>
    <key>Tau</key>
    <type>float</type>
  </param>

   <param>
    <name>Envelope Sample Rate</name>
    <key>EnvSampRate</key>
    <type>float</type>
  </param>

  <!-- Make one 'sink' node per input. Sub-nodes:
       * name (an identifier for the GUI)
       * type
       * vlen
       * optional (set to 1 for optional inputs) -->
  <sink>
    <name>in</name>
    <type>float</type>
  </sink>

  <!-- Make one 'source' node per output. Sub-nodes:
       * name (an identifier for the GUI)
       * type
       * vlen
       * optional (set to 1 for optional inputs) -->
  <source>
    <name>out</name>
    <type>float</type>
  </source>
</block>
