<?xml version="1.0"?>
<block>
  <name>Adaptive Time AB</name>
  <key>Blackwood_AdaptiveTime_Adaptive_Time</key>
  <category>[Blackwood_AdaptiveTime]</category>
  <import>import Blackwood_AdaptiveTime</import>
  <make>Blackwood_AdaptiveTime.Adaptive_Time()</make>
  <!-- Make one 'param' node for every Parameter you want settable from the GUI.
       Sub-nodes:
       * name
       * key (makes the value accessible as $keyname, e.g. in the make node)
       * type -->


  <!-- Make one 'sink' node per input. Sub-nodes:
       * name (an identifier for the GUI)
       * type
       * vlen
       * optional (set to 1 for optional inputs) -->
  <sink>
    <name>in</name>
    <type>float</type>
  </sink>

  <!-- Make one 'source' node per output. Sub-nodes:
       * name (an identifier for the GUI)
       * type
       * vlen
       * optional (set to 1 for optional inputs) -->
  <source>
    <name>out</name>
    <type>float</type>
  </source>
</block>
